audio-00001.wav|sʌɭotkʲix sni v mistsi spɑf. kʌɭektsija morsʲkʲix vuzɭif mistra krɑpsa. oɡʌ, tsi nitutʃʲkʲɪ tut ne mɑjɛ butʲɪ.
audio-00002.wav|nidʌumkovʌtʲij ravɭik ne zrivnɑjɛtʲsʲʌ zɛ vʲiɕim ɡuptʃʲɑsʲtʲim moskʌm.
audio-00003.wav|ɑɭi tsɛ kɭɑsna idʲeja, skvidvɑrdʲi! rɑʒʌj, ɕo tʲi stɑvʲiʃ krɑsʲni krɑps na pʲerʃy mistsy!
audio-00004.wav|"ne xvʲiɭu""jtʲisʲʌ, ja nɑftʃʲif jovʌ fsʲovʌ, ɕo znɑf sɑm."
audio-00005.wav|"ɑɭi, misʲtʲir ɑkrʌps, mʲi zi skvidvɑrdʌm ɕe ne nʌpratsu""vʌɭisʲʌ. prɑvda, skvidvɑrdʲi?"
audio-00006.wav|ja v nix nʌfʃykʌrni ʃtɑnɪ!
audio-00007.wav|pʌtʃʲnimʌ, vdʲixnemʌ, ɭitɑju tsovʌ krɑba!
audio-00008.wav|vʲibɑtʃʲtʲi, mʲisʲtʲir krɑps i mʲisʲtʲir spɑf, nʌsʌɭodʒujtʲisʲ pʌbatʃʲennʌm!
audio-00009.wav|u kʌroptsi prʲivʲitʲ! na sxodʌx prʲivʲitʲ! u tsomu smitti prʲivʲitʲ!
audio-00010.wav|odʒy, koɭɪ vʲi prʲijdʲetʲi nastupnʌvʌ rɑzu.
audio-00011.wav|vitʲsʲ, kvitvɑrdʲi! bɑtʃʲu, tʲi ɡrɑjɛʒ zɛ mʌrsʲkʲimʲɪ mʌnstrɑmʲɪ. jak tobi mij buɭbaʃkovʲij zʌʌpɑrk?
audio-00012.wav|tʲi totʃʲnʌ ne dzvoniv ɡʌriʃku? ɑɭɭʌ? ɑɭɭʌ? pʌɡɑnij sʲiɡnʌɭ. ʒʌdnovʌ ɡʌriʃka.
audio-00013.wav|ja nijak ne moʒu pʲirʲestʌtʲɪ ɡrʲisʲtʲɪ nifti!
audio-00014.wav|vʲibɑtʃʲ, ɕo tɑk vʲijʃɭʌ, tʃʲɑmi. moʒytʲi i na misʲtʲir krɑps, ɑɭi mʲi mʌʒɛmʌ butʲɪ druʑɑmʲɪ.
audio-00015.wav|ɕo tsɛ zɑ mistsy? i tʃʲomu vʲi tut?
audio-00016.wav|patriku, ja ne moʒu vidutʃʲitʲisʲ ɡrʲisʲtʲɪ nixti!
audio-00017.wav|"ɛmɛm, patrʲiku, sɑmʲi tɑk, ja ikrɑtkɔjɪ ujavɭʌf rukɑvʲiʃnu vaʑnennu""!"
audio-00018.wav|stij! zatʃʲekʌj mɑɭi! pʌprɑfsʲʌ!
audio-00019.wav|proʃu vɑs, vijdʲi! vʲi zipsujtʲi vraʒɛnnʌ pro krɑsnij ɡrɑf!
audio-00020.wav|ɕo ʒɛ, jakɕʌ patrik krɑɕi, jak skvidvɑrt, tʲi mik bʲi butʲɪ krɑɕi, jak patrik.
audio-00021.wav|nu, ɕo, vʲi jaki? ɡʌtujtʲisʲʌ do boju!
audio-00022.wav|ɭuji! o, dʲe tʲi sxʌvɑfsʲʌ! xʌroʃyj rʌbɭʌtʃʲok! ɭuji! ni, ni, ni!
audio-00023.wav|"tsɛ ne tɑk! ja znɑju vʲisoku kuxnu""! ja jakʌsʲ zrobʲif krɑp zɛ burɡʲir zɛ trʲoma buɭotʃʲkʌmʲɪ."
audio-00024.wav|a koɭɪ vin prʲixʌdʲitʲ do tsɑmʲɪ, to mɑjʒy nitʃʲovʌ ne pamɑtʌjɛ. druʒa, tobi vʒɛ krɑɕi? rʌskɑʒɪ, ɕo tʲi pʌmatɑjɛʃ.
audio-00025.wav|ɑɭi jak ʒɛ krabzburɡʲir!
audio-00026.wav|ɑx, xvɑnɪ! moji sximotʃʲkʲɪ!
audio-00027.wav|"ne xvʲiɭu""jtʲisʲʌ, mʲisʲtʲir krɑps, ja nastupɭu"" nʌɡɭoju u vɑʃu spɑɭnu""."
audio-00028.wav|zazɑrnu pro fsʲɑkʲij vʲipadok ʌoʌ, jaka ɡarnenka ʌoʌ, o pivnitʃʲnij kʌraɡɑp
audio-00029.wav|"i ɭovʲɪ kviɭu""!"
audio-00030.wav|tɑk, mʲisʲtʲir krɑp zupʲirʲet! i zabudʲtʲi pro kɭip! niʒ do pʌmʲiji! tiɭkʲɪ pʌmʲiji!
audio-00031.wav|patriku tsɛ buf ɭiʃy rʌbot. xux, a ja pʌdumʌf, ɕo mʲi u xaɭepi.
audio-00032.wav|mʲisʲtʲir krɑps! ɕo zɛ vɑmʲɪ? oxʌ, rʌzmovɭʌjtʲi ʑimnoju!
audio-00033.wav|tɑk dʌvirtsy mʲeni. o, jak! a tvoji pʌduʃkʲɪ nabʲiti ʒakɑmʲɪ, a fudboɭka f tʲebʲi nʌpʲivorʲitʲ!
audio-00034.wav|xiba dvʲeri buɭɪ prʲitʃʲinini? a ɕo, jak ɡrʌbiʒnik tɑm?
audio-00035.wav|patriku, prostʌ zaspokʌjsʲʌ, ɡɭibokʌ vdʲixnɪ i viddʌj mʲeni ɡʌɭovu!
audio-00036.wav|"ja ɕe stsiɭijsʲʌ. ura! dʲakuju, ɭikɑrʲu""!"
audio-00037.wav|ja druɡʲi krɑp zɛ burɡʲerʌm pʌtʃʲɑstuju, bo zɑvʒdʲɪ nim vin vɭɑsʌ tɑk smakujɛ. tsɛ tobi, patriku.
audio-00038.wav|odʒy, prʲijʃʌf tʃʲɑs aktʲivnix dij! ja mɑju dʌpomʌktʲɪ druɡu! ja zmuʃu zamofknutʲɪ koʒyn zvinʌtʃʲok u tsomu misti! pʌtʃʲinɑjɛmʌ!
audio-00039.wav|nu ot, ja zdumʌf. zʌstʌsujɛmʌ ʒorstki mʲitodʲɪ.
audio-00040.wav|"tɑ ɭu""bʲitʲ ajeʃnu""? ʒɑx! zrʌzumif!"
audio-00041.wav|mʲisʲtʲir krɑps, vʲizovu nɑsu!
audio-00042.wav|ja zbʲirɑfsʲʌ zapʲitʌtʲɪ tʲe sɑmʲi!
audio-00043.wav|"dʌbrovʌ dnɑ, mʲisʲtʲets pɑvɭ. mʲisʲtʲets krɑps prosʲiv dʌpomʌktʲɪ zɛ bʲiskʌʃtovnʌju vʲitʃʲerʲu""."
audio-00044.wav|ʌoʌ, odʒy f tʃʲomusʲ. ja nitʃʲovʌ ɡʲenkʲij, tɑk?
audio-00045.wav|dʌmʌvʲiɭisʲ, mʲisʲtʲir krɑps. mirʌs na zamok!
audio-00046.wav|ʌoʌʌ! ʌtrɑzu vʲidnʌ, tʲiskika tʃʲoɡʌsʲ krutʌ! zɛ ɡriɭɑmʲɪ pʌrʲisʲʌ!
audio-00047.wav|ja zabʲeru jiji zɛ kvidvɑrdʲi. dɑj mʲeni, tʲi mɑjɛʃ ʌbijnʌtʲɪ mʲeni?
audio-00048.wav|ja vʲimknu trʲivoɡu. ɡodi pʌruʃytʲɪ zakonu!
audio-00049.wav|parɑʃutʲɪ mixurʲɪ. osʲ vona! trʲi smʲirtʲeɭni vʲiprʌbuvʌnnʌ!
audio-00050.wav|tʲi tʲeʃ, ɑɭi poprʲɪ fsʲe ikrɑtkɔjɪ dosi sʲimpatʲitʃʲnij.
audio-00051.wav|sɭuxɑjusʲʌ, mʲisʲtʲir osɭʌps, biɭʃy ne budu mʲisʲtʲir osɭʌps, vʲibɑtʃʲtʲi!
audio-00052.wav|"prʲivitok! ɕo tɑkʲi, manu""nʌ rʌbʲitʲ u tʲu""rmi?"
audio-00053.wav|ikrɑtkɔjɪikrɑtkɔjɪ, a dʲe pɭɑn ktuʌn?
audio-00054.wav|tʲi prɑvʲij! ja navitʲ ne dumɑju pro tʲe, ɕop ɡrʲisʲtʲɪ. nixtjɛ!
audio-00055.wav|tɑk, ja krɑp zɛ burɡʲiromʲit! nimɑjɛ zɑ ɕo! nimɑjɛ? vonɪ skintʃʲiɭisʲʌ! odʒy, trʲeba zrʌbʲitʲɪ ɕe!
audio-00056.wav|skvidvɑrt, ɛtʌ prɑvʲij! ɑdʒy mʲisʲtʲir krɑp zros stɑnuf tiɭkʲɪ f sʲirʲedʲini!
audio-00057.wav|"jovʌ moʒna pʲirʲemʌktʲɪ ɭiʃy ɭu""bovu""."
audio-00058.wav|kɭɑsnʌ, ɕo tʲi bʲes kʲistok, druʒa! xto is xotʃʲif ɭistiv di misʲtʲir krɑpsa?
audio-00059.wav|tʲi buf prɑvʲij rup, tsɛ buɭʌ prʲikrɑsnʌ!
audio-00060.wav|ɕo poɭtsʌ vʌɭɑtʲɪ? sʌsit, ɡup, kabɑp
audio-00061.wav|o, vʲibɑtʃʲ, pɭanktoni, tʲi prʲijʃʌf po dʌpomʌɡu, a ja pidvif tʲebʲi!
audio-00062.wav|pidxodʲtʲi i pʌdʲivitʲsʲʌ na nɑʃyx tvɑrʲin!
audio-00063.wav|xuxu, misʲtʲir sɭɑp, vʲi ʒɛ znajɛtʲi, ɕo ja ne moʒu pʌdɑtʲɪ sɭabzburɡʲir, pokʲɪ vin ne prʲiɡʌtovɭinij jak trʲeba?
audio-00064.wav|a dʒɛ, vɑʃ krabzburɡʲir ʌtʲimnij tʃʲiniznɑjʌmka.
audio-00065.wav|vʲivʲijsʲʌ! tsɛ druk sʲendʲɪ frantsuʑɪ! vʲivivi!
audio-00066.wav|prʌɕɑvʌj bʲizvodnij svit! ja tʲebʲi ne zabudu!
audio-00067.wav|u mʌjɛji pʌdruɡʲɪ sʲeni jɛ tɑkʲi. tsɛ nʌʑivɑjɛtʲsʲʌ dʲirʲeva.
audio-00068.wav|nu to fpʲirʲet! dʲivitʲsʲʌ. vɑʃi sʲirvʲetkʲɪ, saɑʌr!
audio-00069.wav|nijakʲij tʲi ne mʲisʲtʲir krɑp. mʲisʲtʲir krɑp znavɑʒɭivi zustritʃʲi i skɑzʌf ne vidʲtʃʲinʌtʲɪ dvʲeri nikomu.
audio-00070.wav|vɑʃy zamovɭinnʌ, ʃanovnij. misiju vʲikonʌnʌ. krɑɕi piznʌ niʃ nikoɭɪ.
audio-00071.wav|ux tʲi, ɡʲeri! i sɑm zrobʲiv dɭɑ mʲeni satʃʲok dɭɑ mʲedus?
audio-00072.wav|ja ʌbitsʌju biɭʃy nikoɭɪ ne ɡrʲesʲtʲɪ ɛnjɛxɑtɛjɛ.
audio-00073.wav|ɑɭi mʲi, vʲi moʒytʲi zrʌbʲitʲɪ zamovɭinnʌ xodʒʲ zɑrʌs!
audio-00074.wav|"zɛ radisʲtʲu"", ɑɭi bojusʲ zʌpiʑnitʲisʲʌ na svoju rʌbotu. ja fpʲivnenij, ɕo tʲi fpʌrʲeʃsʲʌ zɛ mʌrʌzovʌm samostijnʌ. tina!"
audio-00075.wav|rʲistorʌn trɑsʲtʲɪ sɭɑp? zvutʃʲitʲ znajomʌ!
audio-00076.wav|"ne xvʲiɭu""jtʲisʲ, mʲisʲtʲir krɑbstvʌ, ʒdʲemʌ u nadijnix rukʌx!"
audio-00077.wav|navitʲ trʲeba buɭʌ nazvɑtʲɪ tʌbʲiɭoɡizʌju.
audio-00078.wav|tsɛ ɡɭuxij ku. moja rʌbota v zabiɡʌj, ɭiftsi.
audio-00079.wav|patrika, v novʌ buf tʲɑʃkʲij dʲen. prostʌ trʲeba jomu naɡɑdʌtʲɪ, ɕo rʌbʲitʲ jovʌ nim.
audio-00080.wav|ɑɭi patrʲiku, tʲi mij najkrɑɕij spivdruʒbij!
audio-00081.wav|vʲiɭikʲij, smatʃʲnenkʲij, nixtʲikʲij!
audio-00082.wav|znɑju vʲi tʃʲudovi bɑtʲkʲɪ, ɑɭi ne vɑrtʌ buɭʌ dzvʌnitʲɪ v dvi notʃʲi ɕʌrɑzu, koɭɪ patriku tʃʲɑs mʲitʲisʲʌ.
audio-00083.wav|vʲibɑtʃʲtʲi, sʲir, mʲi dumɑɭɪ vʲi rʌspɭavʲiɭisʲʌ i pʌvʲernuɭɪ vɑs do ʒytʲtʲʌ tʃʲɑmʌm. butʲxto tɑk ftʃʲiniv bʲi.
audio-00084.wav|vit tvʌoɡʌ ɡʌɭovnʌvʌ fanɑta. u mʲeni jɛ fanɑt.
audio-00085.wav|tsɛ nɑtʃʲi prʲimusʌvʲi vʲitʃʲirka zɛ nʌtʃʲivɭiju. i nɑs usix zaproʃynʌ!
audio-00086.wav|dumɑju, skvidvʲert ne ʌbrɑʑitʲsʲʌ, jakɕʌ ja prodʌm kiɭka burɡʲerif u jovʌ sʲiktori.
audio-00087.wav|stij na mistsi! mʲi jdʲemʌ!
audio-00088.wav|tʲi nadumʌɭa ɕe bɛ ɡuɭɑtʲɪ samomu? jej, patrʲiku, nɑm trʲeba...
audio-00089.wav|ɭuji? dʲe ɭuji? tʲi ne xotiv zavɑʒʌtʲɪ mʲeni prʲibʲirʌtʲɪ? tʲi zaxiɕʌv svojix mʲiɭix mʌɭatok!
audio-00090.wav|a v mʲeni tʲeʃ jɛ dɭɑ vɑs pʌdarunʌk!
audio-00091.wav|dʲe tsɛ ja? pɭɑnktʌn!
audio-00092.wav|zdajɛtʲsʲʌ, v mʲeni zavʲiɭisʲʌ ʃkidɭiva zvʲitʃʲka.
audio-00093.wav|a ɕo tsɛ? u, tsɛ kurɪ^jjerʲɪ ɕo zabɭukʌɭɪ! dɑvʌj, no...
audio-00094.wav|misʲtʲir krɑps, a vʲi fpusʲtʲiɭɪ. patrik pʌtiʃnij! patrik pʌtiʃnij!
audio-00095.wav|skvidvɑrda, tʲi tɑkʲij muʒnij!
audio-00096.wav|ʌoʌ, a moʒna mʲeni pʌdzvonitʲɪ? moʒna, moʒna, moʒna!
audio-00097.wav|trʲeba pʲirʲivʲertʌtʲɪ kʌtɭetu zɑ ɡʌdʲinnikʌvʌju striɭkoju, tomu ɕo...
audio-00098.wav|vin buf maɭenkʲim, ʑiɭenim i... ɡʌɭosʲnim!
audio-00099.wav|sɭabzburɡʲir duʒy smɑtʃʲnij, nimɑjɛ strɑvʲɪ smatʃʲniʃʌji v sviti, niʃ sʌkovʲij tʲij sɭabzburɡʲir ditʲɪ. jakʲij vin kɭɑsʲnij!
audio-00100.wav|ot tʲepʲir tʲi dumɑjɛʃ, xe mʲernʌ? tɑk, dʲivʲisʲ, vuɭitsʌ ʃaɭena.
audio-00101.wav|tʲepʲir vonɪ nɑdtʌ ɡɑrni sobi ɡrʲesʲtʲɪ.
audio-00102.wav|"ot bʲi mʲeni butʲɪ tɑkʲim bʌdʲorʲim. zdajɛtʲsʲʌ, ja dʲesʲ zɑbuf kɭu""tʃʲi."
audio-00103.wav|ne bijtʲisʲ, mʲisʲtʲir krɑps, ja stɑnu najkrɑɕim bosʌm v istoriji krɑsʲtʲɪ krɑpsa. tɑkʲim jak vʲi, mʲisʲtʲir krɑps!
audio-00104.wav|ja fporʲɪ fsʲe misi spɑf. pʌtʃʲitʌtʲɪ vɑm tufɭi.
audio-00105.wav|"kɭɑti maɭu""skʲɪ! ɕo ʒɛ tʲepʲir rʌbʲitʲɪ?"
audio-00106.wav|zdajɛtʲsʲʌ, mʲisʲsʲis pɑf! prʲivit, mʲisʲsʲis paɑʌf!
audio-00107.wav|zbʲerʲisʲ, patriku! neba jtʲi zɑ mɑɭim utikɑtʃʲim!
audio-00108.wav|samozvʌntsi, jaki vʲidajutʲ sʲebʲi zɑ misʲtʲera krɑpsa, ne prʌniknutʲ u tsɛj dim, pokʲɪ mʲi tut.
audio-00109.wav|tʃʲudovʲij spʌsip znɑjtʲɪ trʲittsʌtʲ nojɭnojɭ nojɭ druʑok! tʲi zɡodʲin zi mnoju, ɑ? o? o? skɑʒɪ!
audio-00110.wav|na tsyx pʌɭitʃʲkʌx xʌdʲitʲɪ skɭadniʃy niʃ na pidborʌx.
audio-00111.wav|ʒodnix, ɑɭi nɑm trʲeba biɭʃy tvɑrʲin!
audio-00112.wav|oɡʌ! tɑk zaxopɭivʌ! tsikɑvʌ, kudʲɪ mʲi jidʲemʌ?
audio-00113.wav|"o, mʲisʲtʲir krɑfts, smɑʃna kaɭu""ʃka, jovʌ, jovʌ biɭʃy nimɑjɛ!"
audio-00114.wav|mabutʲ, misʲtʲir krɑpsa zɭamɑfsʲʌ kʌndʲitsiʌnir. jomu moʒy butʲɪ tɑm nikomfʌrtnʌ!
audio-00115.wav|o, miɕi sɭovʲɪɡʌriʃok! ɑɭɭʌ! sʲiɭuxʌju!
audio-00116.wav|tsɑ pisʲnʌ naɡɑdʌɭa mʲeni, jak ja nosʲif rukɑvʲitsi ɕe dʲitʲʌm. tsɛ buɭʌ tʲepɭʌ i zatʲiʃnʌ i mɑkrʌ.
audio-00117.wav|mɑjʒy ɡʌtovʌ. zʌɭiʃyɭʌsʲ tiɭkʲɪ pʌtʃʲisʲtʲitʲɪ stɑrʲij ɭiktʌr.
audio-00118.wav|tsɛ mistsy tʃʲudovʲi, ɑɭi jak bʲi ʒɛ xotʃʲ triʃkʲɪ prʲiɡɭuʃytʲɪ smʌrit.
audio-00119.wav|u mʲeni jɛ trʲejɭir, a v nomu baɡɑtʌ jiʒy tɑ kovdrʲɪ.
audio-00120.wav|"radiku! ɕo tʲi robʲiʒ zɛ nɑʃym uɭu""bɭenim ɡʲirojɛm?"
audio-00121.wav|"o, skvidvɑrdʲi, moʒy pʌnu""xɑjɛmʌsʲʌ i zupʲinimʌ trʌjandʲɪ?"
audio-00122.wav|bidoɭʌʃna morsʲka zirutʃʲka! ot ɕo, druʒy, zɑftra ja pidu na rʌbotu zɛ tʌboju!
audio-00123.wav|ɑɭi ja xotif prʌvʲesʲtʲɪ vʲesʲ dʲen zɛ tʌboju vdvox!
audio-00124.wav|o, patriku, fsʲe jdʲe tʃʲudovʌ! xto tsɛ?
audio-00125.wav|"spij, bʲerdʲi! ja ikrɑtkɔjɪ ne znɑf, ɕo tʲi ɭu""bʲiʒ vidpɭif!"
audio-00126.wav|tsɛ rʌdʲʑinka, tsɛ ɡʌstiɭtsʌ. dɑju dʲesʲɪtʲ bɑksif.
audio-00127.wav|"vuɑɭʌ! osʲ i moja rokɡrupa! tʃʲisʲtʲu""ɭʌ i jovʌ tʃʲisʲtʲeɭnikʲɪ! tʃʲi pravʲiɭnʌ ja fsʲe pidjɛdnʌf?"
audio-00128.wav|sʲer skvidvɑrt, vʲi na pʌravʲerʃyni vɑrkʲɪ na koni!
audio-00129.wav|nɑʃi pʲerʃi tarʲinkʲɪ!
audio-00130.wav|ja nɑtʃʲi zɑjʃʌf u vʌrota tʃʲarivnʌvʌ tsɑrstva!
audio-00131.wav|ja ikrɑtkɔjɪ nʌvovʌ kuxɑrʲʌ nɑjnʌf, ɑdʒy ja tʲepʲir bos, pravʲiɭnʌ? tɑk zrʌbʲiɭɪ bivʲɪ!
audio-00132.wav|a ɕe ja ʒyvu v najkrɑɕʌmu mistsi v usʲomu sviti bʲikʲini botʌm.
audio-00133.wav|nu ot fsʲe pit kʌntroɭim, mʲisʲtʲir krɑts. ɡarɑntuju!
audio-00134.wav|patrʲikʌ, tʲi zavusʲʌ nɑʃu vodu!
audio-00135.wav|"ɡʲej, skidɑrda, mʲeni zdajɛtʲsʲʌ tsɛ ximʲerni buxɑnnʌ ne pratsu""jɛ!"
audio-00136.wav|ɑɭi tɑm buɭa prʲɑmka!
audio-00137.wav|dobrʲi, bɑbɭbʌs, mʲi prʲijmɑjɛmʌ vʲikɭik!
audio-00138.wav|xiba ne tʃʲudovʌ? usʲi tɑk, jak vʲi i zaɭiʃyɭɪ. ɕojnʌ zavɭɑɭʌsʲʌ prʌbɭema, ja zʌpʲituvʌf sʲebʲi, a ɕo zrobʲiv bʲi misʲtʲir krɑpʃ, jakʲij robʲif tɑk sɑmʌ?
audio-00139.wav|vʲiɡɑdɭivi ʌbrɑʑɪ — najkrɑɕʌ tʃʲasʲtʲina ɡri.
audio-00140.wav|dutʃʲɪ katʲisʲʌ baɡɑti i usix pʌraɭikʌtʲɪ.
audio-00141.wav|ʌboʒnjɛ prʲibʲirʌnnʌ! fu, tut pʌtribni ɡʲinerʌɭni prʲibʲirʌnnʌ.
audio-00142.wav|ja tʃʲitʌf pro tsɛ mistsy patriku. tsɛ skrʲip tʃʲɑsʲtʲɪ dʒunɡʲeɭi.
audio-00143.wav|tʲepɭa ʃkarpʲetka, ɕojna suʃyɭkʲɪ!
audio-00144.wav|vin tʲimʌj do ʃkarpʲetku buxa ʒuɭoba!
audio-00145.wav|spʌdivɑjusʲʌ, ɕo fsʲtʲiɡnu nʌsʌɭodʲitʲisʲʌ fsimfsim!
audio-00146.wav|mʲeni prostʌ trʲeba trʲimɑtʲɪ nikti, jaknɑjdʌɭi, vit svovʌ rota.
audio-00147.wav|"ɕo staɭosʲʌ, sɛr? prʲivit, pɭanktona! ne xvʲiɭu""jtʲisʲ, sɛr. ne mɑjɛ takoji katɑstrʌfʲɪ, v jakij ja ne pʌbuvʌv bʲi."
audio-00148.wav|ja pʲirʲiviruju fsʲe! ʒodnix sɭidiv ɡrabiʒnika! spɑɭnʌ mʲisʲtʲera krɑpsa!
audio-00149.wav|"ɑ, tsɛ vin! maɭu""tʃʲʌ, pʌvʲernisʲʌ! ja prʲibʲirik tobi ɕora!"
audio-00150.wav|a znɑjɛʃ, tʲi prostʌ ɕosʲ!
audio-00151.wav|ojoj, zdajɛtʲsʲʌ tut pʌxnijet!
audio-00152.wav|niɡɑjnʌ pʌvʲirnitʲ zamovɭinnʌ kurjɛru krɑsti krɑpsa!
audio-00153.wav|ravɭik, prʲivit! tʲi ne prʲivit, tʲi prostʌ bʲizdomnij ravɭik. ja nazovu tʲebʲi ɭuji. ɭuji zɛ majaka.
audio-00154.wav|ʌoʌ, dʲivʲisʲ, vonɪ ɡrajutʲsʲʌ kɑmin, nʌʒytsi, pɑpir!
audio-00155.wav|o, pʌdʲivʲisʲ na nix, patriku! vonɪ ɕasɭivi i zdʌrovi! o, poɡɭʌn, patriku! buɭbɑʃkʌva kupka!
audio-00156.wav|mʲeni prostʌ trʲeba buɭʌ vdʲixnutʲɪ sviʒoji vodʲɪ.
audio-00157.wav|i rɑs, traɭɑɭʌ, i dvɑ, traɭɑɭʌ, i trʲi!
audio-00158.wav|ja zɑbʌf sʲir! patriku dʌpomʌʒɪ!
audio-00159.wav|"prʲivit, misʲtʲir ɑkrʌps. koɭɪ ne spʲitʲsʲʌ, ja prʲixodʒu sʲu""dʲɪ, ɕop butʲɪ bɭiɕim do fʌrmuɭɪ. tɑk spʌkijniʃy."
audio-00160.wav|ja ne dumɑju, ɕo zmoʒu prʲiɡʌtuvʌtʲɪ tɑkʲi misʲtʲir krɑps, ɑɭi ja moʒu prʲiɡʌtuvʌtʲɪ dʲeɕʌ inʃy, vʲi navitʲ ne pʌmitʲitʲi riʑnitsi.
audio-00161.wav|koɭɪ u patrika trapɭɑjutʲsʲʌ napɑdʲɪ, ʒyɭimʲeduʑɪ mɑsʲtʲɪ na puzʌ. osʲ jɛdʲinij spʌsip jovʌ zʌspʌkojitʲɪ.
audio-00162.wav|ʌtɑk, pʌdʲivʲimʌsʲʌ, ɕo tʲi utnɑjɛʒ zɑrʌs! prʲe, tvoji nikti! vonɪ tɑki prʲikrɑsni!
audio-00163.wav|proɕʌj, skvidvɑrdʲi. proɕʌj bikʲeni botʌm. ja zabʲeru ɡʲikɑfku tudʲɪ, dʲe vona nikomu ne naʃkodna.
audio-00164.wav|butʲ vaʃkovi zvʲirʲɑta, zɑrʌs zrʌbʲimʌ vɑm voɭjɛr!
audio-00165.wav|vʲiɭiki buɭbɑʃkʌvi sɭonɪ mɑɭʌ niɭusnutʲ vit vʲisʲiɭostif!
audio-00166.wav|tsɛ vɭɑdni prʌbɭemʌ. u, navitʲ ne zdumʌj. ne zdumʌj! ne zdumʌj!!!
audio-00167.wav|ɭuɡi, tobi krɑɕi pʌɡrɑtʲisʲʌ tut, maɭenkʲij, tɑk bʲispʲetʃʲniʃy.
audio-00168.wav|"ura, patriku! bɑtʃʲiʃ, maɭu""tʃʲi? usʲi budʲi prostʌ..."
audio-00169.wav|ɕo zɑ monstra utrʲimujutʲ rʲibitʃʲij narot u vaʑnejitsi? rʲibʲɪ tɑki krasʲivi!
audio-00170.wav|"ja mɑju bɭiɕi rʌʑdʲivʲitʲisʲʌ tsu"" tʃʲarivnu ɭʌpɑtku!"
audio-00171.wav|o, ɕe odna ʃyʃka na paɭets, tsɛ jak ɡɑrnʌ!
audio-00172.wav|pʌbɑtʃʲinku! aɑʌa! nevʒy kʌkɑnnʌ tʲeʒ ʑnikni!
audio-00173.wav|tʲi vʌɭɑjɛʃ jak misʲtʲir krɑp zɛ ɡrabiʒniku, ɑɭi tʲi ɑni troxɪ do novʌ ne sxoʒyj.
audio-00174.wav|dʲivʲisʲʌ, patriku, ujavimʌ, ɕo ɡrʌbiʒnik vidʲtʃʲinif tsi dvʲeri i bɑm! pʌduʃka padɑjɛ jomu na ɡʌɭovu.
audio-00175.wav|pidijdʲɪ, sʲendi, bo ɕe pidxopʲiʒ ʒaxɭivu ɡʲijkɑfku!
audio-00176.wav|nɑtʃʲi ɡrʌbiʒnikif nimɑjɛ. a pɑxni mʲisʲtʲerʌm krɑpsʌm. uuu, nidʲivnʌ.
audio-00177.wav|tɑkʲi zʌkarbovujɛtʲsʲʌ u sʲertsi, prɑvda, mʲisʲtʲerʲɪ krɑps?
audio-00178.wav|ja ne moʒu prʲipʲinitʲɪ, prʲipʲinitʲɪ, prʲipʲinitʲɪ ɡrʲi zɛ tʲinikti, ne znɑju, ɕo rʌbʲitʲɪ!
audio-00179.wav|bɑbʲiɭ basxinuf nɑm vʲikɭik, i tʲepʲir nɑm trʲeba zrʌbʲitʲɪ jovʌ kvɑtʃʲʌm. i na tsɛ v nɑs jɛ trʲi sprobʲɪ, tʌtʃʲniʃy trʲi vʲiprʌbuvʌnnʌ.
audio-00180.wav|proʃu, trʲi variʌntʲɪ zɛ trɑvʲɪ aɭɑ ɡupkabop. i sʲikrʲetʲnij inɡrʲidijɛnt tsɛ krabzburɡʲir.
audio-00181.wav|"naxvʲiɭu""jsʲʌ, dʲivʲisʲja, xto ʒyvʲi v anɑnʌsi na dni!"
audio-00182.wav|«mij sɛnsaɭɑt tʃʲasɑja (en)pɑːtɪsɪp juːkeɪ(ru)rɑjin (en)smɔːlkdʒapəniːz(ru)ɭetəɭetə (en)a(ru)uʃka vʲidʲi»
audio-00183.wav|misʲɑtsʌ, tʃʲe vʲi pʌtʃʲitʲ morsʲkʲi tʲiɡrʲi? ɭʌskotnʌ!
audio-00184.wav|osʲ iɕi dʲirʲevʌ. i ɕe odnʌ dʲirʲevʌ. sɭiduvʌtʲɪ zɑ dʲirʲevʌm i spratsovujɛ. dʲirʲevʌ, dʲirʲevʌ, dʲirʲevʌ, dʲirʲevʌ.
audio-00185.wav|po mɑjmu vʲijʃɭa duʒy nipoɡʌnʌ!
audio-00186.wav|i tʲepʲir u tʲebʲi ne budʲi napɑdif, druʒy. patriku.
audio-00187.wav|zvitʲsʲɪ vɑm budʲi krɑɕi vʲidnʌ mij taɭɑnt bosa!
audio-00188.wav|o! a kudʲɪ pʌdifsʲʌ skvidvɑrt? dobrʲi!
audio-00189.wav|dʲe tsɛ ja? dobrʲi, prostʌ pʌtʃʲekʌju, pokʲɪ mʲeni znɑjdʲi pʲerɭ.
audio-00190.wav|ɕop pʲirʲedʌtʲɪ prʲirodnij bukʲet pʌmʲixif, ja vʲikʌrʲistʌf nʌpʌvnenij zɛ ɭodka «rabɭika».
audio-00191.wav|buj tut i na zavɑʒa... aɑʌj!!! vʲibɑtʃʲ, ɭuɡʲɪ. tʲi pʌtʃʲikɑjɛʒ zovni.
audio-00192.wav|oj, tsɛ buɭʌ tɑk smɑtʃʲnʌ! mʲeni pʌdʌbɑjɛtʲsʲʌ jiʒa na susi!
audio-00193.wav|tsɛ tʲi, sɑntakɭɑus? tut nixtʌ ne dzvʌnitʲ!
audio-00194.wav|tʃʲomu bɛ nɑm ne prʌvʲesʲtʲɪ starovʌ vʌkʲera dʌdomu, patiku?
audio-00195.wav|"ja fsʲe ɕe ne stupʲif u spɑɭnu"" na ɡʌjaju. mabutʲ, pitsu prʲinesɭɪ."
audio-00196.wav|"odʒy, misʲtʲir krɑps, ʌstɑnnjɛ zapʲitʌnnʌ. ɕo vʲi ɭu""bʲitʲi biɭʃy? ɡroʃi tʃʲi pʲitʃʲivʌ?"
audio-00197.wav|pʌvʲernɪ tsyx zvirif, patriku! ʒvʲidʃy!
audio-00198.wav|sʲertʲsʲkʲij vidmarkuvʌɭɕik!
audio-00199.wav|ʌsobɭivʌ tvojim, skvidvɑrdʲi. proʃu pro odni. pamɑtʌjtʲi mʲeni tɑkʲim, jakʲim ja buf. spʌvnenim ʒytʲtʲʌ!
audio-00200.wav|mʌrʲɑtʃʲka, xitristʲ? ɑx, dobrʲi, davɑjtʲi!
audio-00201.wav|sxovʌj rukʲɪ zɑ spʲinu, tʲepʲir nimʲɪ budu ja!
audio-00202.wav|jej, tʲimi, ja znɑjʃʌf tʲim jatʃʲk i tvoju sʲestru.
audio-00203.wav|sɭuxʌj, patriku, tʲi mik bʲi pidvʲiɕitʲɪ tʲimʲpʲirɑturu dʲesʲ na pivɡrɑdusa?
audio-00204.wav|tsɛ zamovɭinnʌ vɭasnistʲ krɑsti krʲepsa, dʌpokʲɪ jovʌ ne vrutʃʲiɭɪ zamovniku.
audio-00205.wav|zarɑdʲɪ movʌ druɡa patrʲika. ja fsʲe zrobʲif. ja ʑniʃkodʲif usi dzvinotʃʲkʲɪ u misti.
audio-00206.wav|ɡimnɑta? vidpotʃʲinku? ja ikrɑtkɔjɪ ne znɑf, ɕo u nɑs tɑkʲi jɛ!
audio-00207.wav|ja ne moʒu tsovʌ dʌpusʲtʲitʲɪ, misʲtʲir krɑps. vʲi mʲeni ɕe pʌdʲakujɛtʲi!
audio-00208.wav|ja pidɡʌtuvʌfsʲʌ, mʲisʲtʲir xrɑps!
audio-00209.wav|o, zaxvɑtʲi druzi! jak vɑm zvuk? pʌdʌbɑjɛtʲsʲʌ?
audio-00210.wav|ni, mʲi ne mʌʒɛmʌ pʌkʲinutʲɪ fsix tsyx rʲibok!
audio-00211.wav|o, mʲisʲtʲera krɑps, tsɛ buɭʌ tɑk vʲisʲeɭʌ! a nastupna pʲirʲerva vʒɛ tʃʲerʲis dvadtsɑtʲ rokif!
audio-00212.wav|pristrɑsʲnij rʌbʌtodʌvʲits, a moʒy xitrij sʌmʌzvʲenits?
audio-00213.wav|nu, jakɕʌ ja xotʃʲu butʲɪ bosʌm, jak misʲtʲir krɑps...
audio-00214.wav|kʌɡɭɑt na ɡʌdʲinniku
audio-00215.wav|oj, dʲakuju, druzi moji! zavdʲɑkʲɪ vɑm tsɛ najkrɑɕij dʲen narodʒynnʌ v mʌjɛmu ʒytti!
audio-00216.wav|ɑ! ʌtɑkʲij kɭepi ja ɕe ne buvʌf!
audio-00217.wav|prʲipʲinʌj, patriku, tsɛ ɭiʃy rʌbot. vonɪ fsi rʌbotʲɪ. usi okrim nɑs.
audio-00218.wav|o, misʲtʲir krɑfs, ja nikoɭɪ raniʃy ne ɡʌtuvʌf pʌmʲiji. ja navitʲ ne znɑju skɭadnikif.
audio-00219.wav|zviɭ vrʲatuvʌɭɪ nɑm ʒytʲtʲʌ!
audio-00220.wav|"ne xvʲiɭu""jsʲʌ, pʲerɭ, o rʌziɡrʌʒ vidbudʲitʲsʲʌ. tiɭkʲɪ trʲeba znɑjtʲɪ vɑʒ dim. ʌpʲiʃym mistsy, dʲe vin rʌstaʃovʌnij."
audio-00221.wav|dijtʲi zɑ tʲim, tʃʲomu nɑm! ʒodnix probɭim, ʃanovnij!
audio-00222.wav|spʌdivɑjusʲʌ vɑm, spʌdʌbɑjɛtʲi!
audio-00223.wav|patriku, zɑrʌs ʒɛ vitʌj tsɛj pʲerix! pʌɡɑnij, patrik. pʌɡɑnij! poʒuj krɑɕi otsy.
audio-00224.wav|"ni, patriku! mʲi tsɛ ʌbɡʌvorʲu""vʌɭɪ! zʌpamɑtʌj! buɭka, kʌtɭeta, sʲir, ʌxirok, tsybuɭʌ, tʌmɑt, buɭka! ne buɭka, kʌtɭeta, sʲir, tsybuɭʌ, ʌxirok, tʌmɑt, buɭka!"
audio-00225.wav|o, tʃʲudova idʲeja, ɡʲeri. prʌɡuɭʌnka dʌpomʌʒy vidvʌɭiktʲisʲʌ.
audio-00226.wav|ɭaskɑvʌ prʌsʲimʌ v buɭbaʃkovʲij ʑefʌr, dʲe fxit spɭatʃʲujɛtʲsʲʌ u zmiʃkoju.
audio-00227.wav|ɑ, ɑɭɭʌ, krɑsʲtʲɪ kuxnʌ? zdajɛtʲsʲʌ tsɛ... zvinotʃʲkʲɪ na sɑnʌx!
audio-00228.wav|tʌoʌʌ, dʲe tʲi ʒytʲimʲiʃ, dokʲɪ ne znɑjdʲiʃ novʲij dim, skvidvɑrdʲi? u mʲeni tʃʲi u patrika?
audio-00229.wav|oj, vin vʲibrʌf mʲeni! ja zʌɡʌɭovnʌvʌ!
audio-00230.wav|jaka ʒɛsɭʌn? ɑʒ ʒyrɑfa? ɑmʌf pʌkɑʒy?
audio-00231.wav|ot sʲedʲij narodʒynnʌ! pɭɑʒni ʒyrɑfʲɪ, pʲiroɡʌvi drakonɪ i bobʲɪ! tɑk, ortʲɪ, diznɑtʲisʲʌ, ɕo budʲi dɑɭi!
audio-00232.wav|i pamɑtʌju skvidvɑrda, trʲeba usmixɑtʲisʲ. osʲ, sprobuj odʲin zi stɑrʲix trʲinaʒɛrif mʲisʲtʲera krɑpsa.
audio-00233.wav|mʲisʲtʲir krɑps, ja mij ɡvʲiɕʌ!
audio-00234.wav|ja zaprostʌ vidutʃʲusʲʌ ɡrʲesʲtʲɪ niɡdʲi!
audio-00235.wav|"zdajɛtʲsʲʌ, ja nʌɡʌduvʌf usʲu"" sʲiktsiju."
audio-00236.wav|xej, ne do tʲebʲi! vɑs ʌʃukʌɭɪ, ɡrʌʃykif ne dɑɭɪ!
audio-00237.wav|ja ne moʒu vʲistriɭitʲɪ v rukɑvʲitʃʲku, vona ʒɛ vʲiruʃytʲsʲʌ!
audio-00238.wav|tsɛ buɭʌ tɑk vʲisʲeɭʌ! ja mik bʲi pʌftorʲitʲɪ tsɛ miɭjʌn trʲiɭjoniv bʌxʌtʲiɭiontʃʲikif trʲiɭjonif rɑzif!
audio-00239.wav|kʌnsʲirvovʌnij krabzburɡʲir. najkrɑɕʌ prʲimɑnka. ɭuji! ɭuji! ɭuji!
audio-00240.wav|"vʲi ɭu""bʲitʲi tsɛ? sviʒy? o, ja ne rʌzumiju, mʲisʲtʲir krɑps."
audio-00241.wav|ja viʑmu po odnij dɭɑ kʌʒnoji pʌdruʃkʲɪ.
audio-00242.wav|prʲivit! ja tut xto? moʒy trʲeba spʲitɑtʲɪ dʌɡorʲi driɡʌm.
audio-00243.wav|vʲisʲiɭiɕina zʌkintʃʲujɛtʲsʲʌ, tɑk, skvita?
audio-00244.wav|"ʌfitsyrʲɪ! vin ne xotiv vbʲivɑtʲɪ rukɑvʲitsu"", vin prostʌ ne znɑjɛ svoju sʲiɭu i svovʌ vidʌbrɑʒynnʌ. ne znɑju, jak vin ɡʌɭetʲsʲʌ."
audio-00245.wav|vʲerxnij povʲir, vɑʃi burɡʲerʲɪ! krabzburɡʲir dɭɑ ɡʲeri!
audio-00246.wav|"tʲima i ɭiɡɑrnu"" ne nʌbʲispʲetʃʲini. nakɑʒʒyn tut ne ti."
audio-00247.wav|o, ja ne pʌkupʲets. ja prʲinis zamovɭinnʌ zɛ krɑbi krʲesta.
audio-00248.wav|xɑɛm, mʲi zɛ tʌboju tʃʲoɡʌsʲ ne vraxuvʌɭɪ. nivʲiɭitʃʲkʲij rʌzrʲɑt ne zʌvadʲitʲ. iskra ʒytʲtʲʌ!
audio-00249.wav|ja dumʌf tsɛ dʲen movʌ narodʒynnʌ, a ne mij ʌstɑnnij dʲen.
audio-00250.wav|patrʲiku, tsɛ tvij kɑmin! ja tʃʲekʌf na tʲebʲi, jak pʲerʃyj rʌbotʃʲij dʲen!
audio-00251.wav|pʌsɭuxʌj, pɭanktoni, ninavʲistʲ ne dʌpomʌʒy zdʌɭɑtʲɪ takovʌ monstra.
audio-00252.wav|kʌroɭi kʌntsyrtʲik mʲi rʌzaɭutʃʲini jak buɭotʃʲkʲɪ!
audio-00253.wav|i ɡarʲɑtʃʲi krabzburɡʲirʲɪ fsim! tʃʲɑsu neɡʌj spiʃɪ tɑ kopɭʌj!
audio-00254.wav|durni zapʲitʌnnʌ. ɕɑs tʲi? mij rʌbotʲʌɕi ikrɑtkɔjɪ dʌroʒy.
audio-00255.wav|spivɑrdʲɪ! ne zabutʲ prʲivʲesʲtʲɪ jovʌ nazɑt!
audio-00256.wav|ni, skvidvɑrdʲi, mʲisʲtʲir krɑp, sʲtʲeʃ tut!
audio-00257.wav|trʲi smʲirtʲeɭni vʲiprʌbuvʌnnʌ! u mʲeni zɛ sʌboju! dʲe ʒɛ vona? vʌroʒnitʃʲi!
audio-00258.wav|kxe, skvidvɑrdʲi, ja nikoɭɪ ne ɡrʲizu nixti!
audio-00259.wav|dumɑju, tsɛ koɭisʲ buɭa... kʌkorudza!
audio-00260.wav|ja pidu dʌbroviɭnʌ. ja pʌtʃʲuvɑjusʲʌ dobrʲi, ɑɭi ne moʒu rʲiʑikuvʌtʲɪ zdʌrovʌm druzif.
audio-00261.wav|nazvɑmʌ tsɛ mɑkʲi pravosudʲdʲʌ.
audio-00262.wav|tsɛ fsʲe sʲiɭa druʒbʲɪ!
audio-00263.wav|sʲtʲirʲeʒytʲsʲʌ dzvon i bikini botʌm! ɡupka bop zmusʲitʲ mʌftʃʲɑtʲɪ fsʲe, ɕo dzvʲinitʲ, dʲʑiɭintʃʲitʲ, brʲiʃtʃʲitʲ i dʲʑiɭenkʌjɛ!
audio-00264.wav|xvʲiɭinʌtʃʲku. ja ne moʒu zɛjisʲtʲɪ arɑxis. tsɛ ɕasɭivʲij ɡʌriʃok.
audio-00265.wav|tɑk, vʲi ɡʌtovi do pʌbɑtʃʲinnʌ zɛ mʲissi spɑf?
audio-00266.wav|ja ʒɛ kɑzʌf, ɕo zɛ tʌboju vʲijdu pɑrʃu kɭɑsʲnij, patrik!
audio-00267.wav|ɕirʌ ʌbinʌtʲɪ. nu, ot i fsʲe. idʲɪ do mʲeni, ɡidʲka botʃʲkʌ.
audio-00268.wav|nikoɭɪ ne vʲixotʲ zɛ aftobusu patriku! nikoɭɪ ne vʲixotʲ zɛ novʌ!
audio-00269.wav|zarɑdʲɪ movʌ druɡa patrʲika!
audio-00270.wav|pɑntsyr ʒyf normi? moʒy, jakɕʌ nabʲitʲɪ jovʌ ʌrɡɑnʌmʲɪ, vijnʌ ʒyvʲi!
audio-00271.wav|"ja ʌboʒnu""jɛ attraktsiʌnɪ u rukavʲitʃʲkʌvʌmu sviti!"
audio-00272.wav|mʌnetka? vona takoji ʒɛ tʲimʲpʲirɑturʲɪ, ɕo i mʲisʲtʲir krɑps. trʲeba jiji pʌvʲernutʲɪ jomu.
audio-00273.wav|arɑtis! ɕastɭivʲij ɡʌriʃok! tʲepʲir ja zɛ ɡʌɭodu ne pomru. ura! ja vʲijʒu!
audio-00274.wav|"ɑ? zaɡubɭu"" ʃtɑnɪ? moɡi ʃtɑnɪ? tsɛ tʃʲudova idʲeja!"
audio-00275.wav|druʒa, jɛ idʲeja! xotʃʲiʃ pʌjixʌtʲɪ zi mnoju na aftobusnu jɪkskursiju?
audio-00276.wav|misʲtʲerʲɪ krɑps, pʲirʲemʌɡa! vʲi vrʲatuvʌɭɪ sʲikrʲetnu fʌrmuɭu!
audio-00277.wav|ɑɭi mʲi ɕe ne dʌstɑvʲiɭɪ zamovɭinnʌ! istrʲebrʌɭ!
audio-00278.wav|osʲ tsomu mɑjɛ kuprʲivʲit. jak u mʌjɛmu tʌsʲtʲeri.
audio-00279.wav|ne znɑju, misʲtʲir krɑps ne nʌkazuvʌf sumnivɑtʲisʲʌ v jovʌ nakɑzʌx. pʌtʃʲekʌju, pokʲɪ vin mʲeni vʲipusʲtʲitʲ.
audio-00280.wav|ja zakintʃʲu fsʲe sɑm. pʌvʲirtɑjɛʃsʲʌ do pɭitʲɪ.
audio-00281.wav|pɭɑn to! mʲi xʌtʃʲemʌ kupʲitʲɪ odnu vʲiɭiku diʃku tʃʲɑmu!
audio-00282.wav|mʲeni i zʌbʌroniɭɪ vidʲtʃʲinʌtʲɪ dvʲeri. prosun pitsu, v otʲir dɭɑ poʃtʲɪ.
audio-00283.wav|ni, mʲisʲtʲir krɑps, pɭɑnktʌn krʲixitʲnij. vin ʃukɑtʲimʲi fʌrmuɭʌf pomʲɪ jak vitʃʲnistʲ. vʲi moʒytʲi distɑtʲisʲʌ do najpʲerʃym, ɑɭi trʲeba jisʲtʲɪ ʒvʲidkʌ jak vitʲir.
audio-00284.wav|"tsɑ vɑm spʌdʌbɑjɛtʲsʲʌ, ɑdʒy zrʌbɭena zɛ dobrʲix pʌbɑʒʌn tɑ ɭu""bovi."
audio-00285.wav|"oɡʌ! u tsomu bʲizvodnʌmu sviti na tʲimʲeskri zɛ tʃʲikajutʲ sʲu""rprʲiʑɪ!"
audio-00286.wav|ne dʲɑkuj! mʲeni dʌsʲitʲ tovʌ, ɕo moja ʒyrtvʌvnistʲ zaɭiʃytʲsʲʌ f pamɑti ne zɑvʒdʲɪ.
audio-00287.wav|skɑʒɪ, skvitvɑrt, ɕo tʲi dumɑjɛʃ pro svovʌ nʌvovʌ prʌtʲeʒu?
audio-00288.wav|sxoʒy, ɡrʌbiʒnik ne zʌspʌkodʲifsʲʌ. rʌsstɑvʲimʌ pɑstkʲɪ.
audio-00289.wav|"mojɛ sʲertsy spʌvneni radosti, tomu ɕo v mʲeni jɛ ɭu""bʌf movʌ uɭu""bɭintsʌ ɡʲeri."
audio-00290.wav|tʃʲɑs ɡuduvʌtʲɪ morsʲkʲix monstrif naɡoru!
audio-00291.wav|"pʲitʃʲirka sʲu""rprʲis? dɭɑ mʲeni?"
audio-00292.wav|"ʑitɑk! ɡupka bop tɑ skvindvɑrt prʌtsu""jutʲ pɭetʃʲʌpɭitʃʲ! tvoja mij ɡʌspodzi krʌmzburɡʲerif! smɑtʃʲnix dujet!"
audio-00293.wav|znɑjʃʌv v maɭovʌ! dʲakujɛmʌ! mʲi jovʌ zʌbʲirɑjɛmʌ!
audio-00294.wav|odʒy, misʲtʲerʲɪ krɑps, mʲi prʲijʃɭɪ. pamɑtʌjtʲi fsʲe, tʃʲovʌ mʲi vɑs ftʃʲiɭɪ, i pʌbɑtʃʲinnʌ budʲi prʲikrɑsʲni. ɕɑsʲtʲɪ!
audio-00295.wav|adriku, biɭʃy ʒodnix iɡʌr! trʲeba rʲatuvʌtʲɪ maɭovʌ!
audio-00296.wav|patrikʌ, ʒvʲidʃy prʲixotʲ do budʲinku krɑpsa! mʲeni xʌtʃʲutʲ pʌɡrʲibuvʌtʲɪ!
audio-00297.wav|"ne xvʲiɭu""jtʲisʲʌ, mʲisʲtʲir krɑps, mʲi prʲivʲedʲimʌ vɑs u formu pʲirʲet pʌvadʒɛnnʌm, ʌbitsʌju!"
audio-00298.wav|ja vɑs vrʲatuju, mʲisʲtʲera krɑps! o, mʲisʲtʲera krɑps! xvɑɭa niptunu, vʲiʒyvʲɪ!
audio-00299.wav|sʲʌɡodni mij dʲen narodʒynnʌ. zabʲerʲɪ, ja na tɑki dribnitsi ne zvʲirtɑju uvɑɡʲɪ.
audio-00300.wav|kʌnsʲirvovʌnij krabzburɡʲir. najkrɑɕʌ prʲimɑnka.
audio-00301.wav|spʲets. dʌstɑfka dɭɑ muʑikɑntif!
audio-00302.wav|ɭoɡi butʲ mʌɭʌdʃynkʌju, pokʲɪ ja tut prʲibʲirɑtʲimu.
audio-00303.wav|o, ɕʌnɑviti na tʃʲestʲ dnɑ narodʒynnʌ!
audio-00304.wav|ɑɭi tʲi buf prostʌ nijmʌvirnij, sʲiɭnij i vidvɑʒnij!
audio-00305.wav|ja tɑkʲij rɑdʲij vɑs batʃʲitʲɪ, koɭɪ vʲi pʌbɑtʃʲitʲi, ɕo ja zrobʲiv zɛ vɑʃym rʲistʌrɑnʌm.
audio-00306.wav|vʲibɑtʃʲtʲi, mʲisʲtʲir krɑps, ɑɭi mʲeni tʲirminʌvʌ trʲeba do ɭikɑrʲʌ. ja vʲesʲ tʲiʒdʲin tʃʲujutʲ zvinu v uxʌx.
audio-00307.wav|budʲinok, fʌrtʲetsʌ, moʒna vidpotʃʲitʲɪ.
audio-00308.wav|ni, zɑ ɕo skvidvʲerdʲix, rapzburɡʲir zʌmʌvɭenij tomu, xto jomu nʌɭiʒytʲ. ɕoɕo.
audio-00309.wav|o, ja znɑju. prʲivit! ja tut xto?
audio-00310.wav|vɑʃy dʲʑirkɑɭʌ i vʲi. ni. jiji jɛ napɑskʲɪ u bʲispʲekʲɪ? ni.
audio-00311.wav|ɑɭi rukɑvʲitʃʲka moʒy butʲɪ dʲizɑvɡʌdnʌ, jak mʲi jiji znajdʲemʌ.
audio-00312.wav|ja sɭuxɑju, skvidvʲerdʲi. rʌskɑʒɪ pro svoji prʌbɭemʲɪ.
audio-00313.wav|kruti xɭoptsi! jakɕʌ dʲe fiɭmu pro krutʲix xɭoptsif?
audio-00314.wav|"zamovɭinnʌ dʌstɑvɭu"" tɑ misiju vʲikonuju, sɛr! ɑmm... jak mʲeni distɑtʲisʲʌ do ximʲeriji?"
audio-00315.wav|o ni, mʲeni pʌtribni pratsivnikʲɪ! o, odnu sʲikundu, druzi!
audio-00316.wav|"i mojij simji, i ɭu""bʌf mojix druzif!"
audio-00317.wav|zrobʲɪ tu kɭɑdku, zaɭejtʲi masʲtʲiɭʌ!
audio-00318.wav|"ɕo? ɛj, maɭu""tʃʲʌ, pʌvʲernisʲʌ!"
audio-00319.wav|ɑɭi ɭiʃy kʌxɑnnʌ pʲirʲemʌʒy rukɑvʲitʃʲku!
audio-00320.wav|(en)tʃaɪniːz(ru)ɭetə ɭetə
audio-00321.wav|ɡupka bo kvadrɑtni ʃtɑnɪ. i tʲi, patriku! proʃu, ʒvʲidʃy!
audio-00322.wav|dʲe nikoɭɪ ne vidbuvɑjɛtʲsʲʌ nitʃʲovʌ pʌɡɑnʌvʌ i dʲe moʒna nikoɭɪ nitʃʲovʌ ne bʌjatʲisʲʌ.
audio-00323.wav|nu zvisnʌ, ja tut! zrotʃʲni, mabutʲ, xʌdʲintsi, jakɕʌ tʲi zɑbrif tɑk daɭekʌ.
audio-00324.wav|dʲixʌj tɑm, jak tsɛ totʃʲnʌ protʲɪ prɑvʲiɭ. zɑ nimʲɪ!
audio-00325.wav|"a buɭbɑʃkʌvi ʒyrɑtʲɪ ɭu""bɭɑtʲ i vʲimɑtʲisʲʌ. ɕe pɑk, zɛ takʲimʲɪ ʃyjamʲɪ."
audio-00326.wav|osʲ ja tʲebʲi riʃu pʌdaruvʌtʲɪ mʲeni aftobusnu jɪkskursiju!
audio-00327.wav|ʌbitsʌju vʲi ne pʌʃkodujtʲi, misʲtʲera nʌɡɭadɑtʃʲ!
audio-00328.wav|nu, ja tɑk i ne ʌtrʲimʌv vitɑɭnʌji pisni.
audio-00329.wav|skvit, vɑrdʲi! ɕo skɑzʌv bʲi mʲisʲtʲir kɭɑps?
audio-00330.wav|o, ja vʒɛ bɑtʃʲu tɑkʲi. ja znɑju, ɕo rʌbʲitʲɪ.
audio-00331.wav|pʌtribʲin pɭɑn bɛ!
audio-00332.wav|ja prʲinis vɑm vɑʃu mʌnetku
audio-00333.wav|jakʲij prʲikrɑsʲnij rʲitm! krʌaɑbzburɡʲirʲɪ! kupitʲ krabzburɡʲirʲɪ! zamovɭinnʌ ɡɑ...
audio-00334.wav|prʲivit, druʒy! tʲi ne zɑbuf pro mij dʲen narodʒynnʌ!
audio-00335.wav|"oj, vidkɭɑdʲimʌ kʌnstruktʲivnu krʲitʲiku zɛ kʲu""dvrt. ja na sʲikundu."
audio-00336.wav|vʲisʲeɭʌ pʌkʲitɑtʲisʲʌ na karusʲiɭi, moji maɭenki xudoʃkʲɪ!
audio-00337.wav|strʲivɑjtʲi! vɑm pʌtribʲin mij ɕasɭivʲij ɡʌriʃok!
audio-00338.wav|vʲi ʌduʒʌɭɪ! vʲibɑtʃʲtʲi, ɕo pidvif. ja ɭiʃy xotiv butʲɪ xʌroʃym bosʌm. tɑkʲim jak vʲi!
